# Contributors with agreements on file
barthoda = daniel.bartholomew@hotmail.com
damianedwards = damian@damianedwards.com
damian = damian@damianedwards.com
ducas = ducas@ducasfrancis.com
jstangroome = jason@codeassassin.com
stephen.godbold@readify.net = stephen.godbold@gmail.com
tariqh = tariqhassanen@gmail.com
tathamoddie = tatham@oddie.com.au

# Contributors without agreements on file
saintgimp@hotmail.com = **No CA** saintgimp@hotmail.com
lewis@lewisbenge.net = **No CA** lewis@lewisbenge.net
Lewis = **No CA** lewis@lewisbenge.net